"method","requested_panel_size","absolute_panel_features","dictionary_target_features","dictionary_coverage_fraction","dictionary_feature_list"
"mean_abs_z",5,5,0,0,""
"mean_abs_z",10,10,0,0,""
"mean_abs_z",20,20,1,0.05,"CEACAM5"
"vote_count",5,5,0,0,""
"vote_count",10,10,0,0,""
"vote_count",20,20,2,0.1,"CPA1;CPB1"
"signed_stouffer",5,5,0,0,""
"signed_stouffer",10,10,0,0,""
"signed_stouffer",20,20,0,0,""
"intersection",5,5,0,0,""
"intersection",10,10,0,0,""
"intersection",20,20,0,0,""
"rank_product",5,5,0,0,""
"rank_product",10,10,0,0,""
"rank_product",20,20,1,0.05,"CEACAM5"
"svd_loading",5,5,0,0,""
"svd_loading",10,10,1,0.1,"CEACAM6"
"svd_loading",20,20,1,0.05,"CEACAM6"
"observed_rank_product",5,5,0,0,""
"observed_rank_product",10,10,1,0.1,"TGFBI"
"observed_rank_product",20,20,2,0.1,"TGFBI;PRSS1"
"StageBridge",5,5,0,0,""
"StageBridge",10,10,0,0,""
"StageBridge",20,20,0,0,""
