"path","bytes","sha256"
"DESCRIPTION",883,"9a54d768c2d603f70ea40f0b4719ef61381b15bcfab4ff0b3b9b2ef10fecdd21"
"NAMESPACE",278,"db4c580afbbf64ab9685526a4e841403f589531a9c5eadd152b126cc3c52f14d"
"prospective/locks/MSV000101183_v1_1/AGGREGATE_CONDITION_TABLE.tsv",540,"3df2d847dc9325386fa3234b5754904fe9bd3f6b1ef8e8527470b0ecfcb37bdd"
"prospective/locks/MSV000101183_v1_1/COHORT_MANIFEST.tsv",1521,"5a8daa0a4858ea55f1b8127fd82562b27e2d98c44f561afdb4e6ec7d456dcd63"
"prospective/locks/MSV000101183_v1_1/DECISION_RULE.json",813,"a56abf3fa4e2f897017d573e9ed222d41580ca5b66be5491cf5a630ed1d81a1b"
"prospective/locks/MSV000101183_v1_1/frozen/assay_dictionary_panel_coverage.csv",888,"d6ff1ae8c947f72f3e94c9f72214a34917508dcc1ab58b202b56ca010dd4cc66"
"prospective/locks/MSV000101183_v1_1/frozen/execution_environment.json",883,"8ce8726154754d6f6a18cd6314a0b08880a4284414d4b0eb010ac3b6fa3812c5"
"prospective/locks/MSV000101183_v1_1/frozen/lock_metadata.json",1512,"e6ac6312a7290acf4a44c7b6fef2c33db39b68e156e6f0f62960387893e5184b"
"prospective/locks/MSV000101183_v1_1/frozen/method_specification.csv",651,"9c2a807ca1d6dadc4263c9cbc7b7824f66405977bdbb747f22f1d0f12cb4251c"
"prospective/locks/MSV000101183_v1_1/frozen/pdac_absolute_panels.csv",22075,"7471734c83db3e4cb8df3cc2fca8a77feeaa90d150209ffb949f410e83c5c982"
"prospective/locks/MSV000101183_v1_1/frozen/pdac_frozen_score_table.csv",305683,"02a343bafd42ca975c607d67904a9b4d2107258d517875f94decd1736683bd8d"
"prospective/locks/MSV000101183_v1_1/frozen/prelock_test_report.json",1441,"7956010cf60fc5ad4c28ab4a138bf2457dd3203acaf50adeba7e0d5c92cedbda"
"prospective/locks/MSV000101183_v1_1/frozen/prm_target_assays_exact.csv",18427,"17283777938638220773387b6ea278eba957c5bf9c47ae514443c86cfe44202a"
"prospective/locks/MSV000101183_v1_1/INPUT_SCHEMA.md",3114,"0d0d5be6e45c36d91ceb75546c3efc49b9b0b14f9654a62eade62329aedb4872"
"prospective/locks/MSV000101183_v1_1/LOCKED_PROTOCOL.md",9977,"fcab895a12356f8ae6bc0617d1bb519147857c278d3fa44ddbd99771da17d35d"
"prospective/locks/MSV000101183_v1_1/OUTCOME_DICTIONARY.tsv",1323,"0224eaa95cea73c52fad1d7ac4639a543c9bf8cc2e469105417864e241f64ffa"
"prospective/locks/MSV000101183_v1_1/PRELOCK_ACCESS_LOG.tsv",1380,"b8d7a53eafc075b131766679bf04750d1942d94e89efbc8ab7815d7cc6d7eb3d"
"prospective/locks/MSV000101183_v1_1/PUBLIC_EVIDENCE.md",5044,"dbc97615be0c2fdf723d6b52f6eb3c12b4c3a0bc2606ba2429d215bab985fe9c"
"prospective/locks/MSV000101183_v1_1/README.md",2082,"f5b755544a794e9be58c0eaffa31ee4d2a820833d43c6089bfae600c5492f879"
"prospective/locks/MSV000101183_v1_1/SUPERSESSION.md",1170,"aba10b3c8753cba1c9b6ed019dc9df6a6daa7a163407bc48c36ea6182f4c914f"
"prospective/locks/MSV000101183_v1_1/TECHNICAL_QC_RULE.json",486,"10b006d2b98fdb7a3e005a794bfaf69658220e3fc4afb2128e1402e61dfc7e08"
"R/baselines.R",6516,"0310bae2490df9249c121dc86a8ac5595f7a3a0417ef0d163690902c6e490290"
"R/input.R",1836,"b03e1ffd8fc56115b7e5916aeec2bf2263e2ab6882e8cb9f639ec0671cd88396"
"R/lock.R",2173,"4279f050dc1862428a6b3976c5e9f79ec7cd32ec3134215aabc51a486a704d18"
"R/meta.R",2723,"001fff313a35562beae75df9c1bb270bd8b8f8c6e6d5d7deff0e23f50470b7dc"
"R/metrics.R",3358,"dba09351373cd373809171816814070e21e9830d14a2a22d2f87e14659e157e0"
"R/observability.R",1807,"02a6670ad4b8e1734e91e3657fc84a952bcb3be8293b78c2217b5155e4cb80d7"
"R/pareto.R",992,"37e3fa0595c590c05da4c1e67cc498e73a65edf9dc3c89c281ecea5693f31924"
"R/simulation.R",6977,"bb2a341c073f43a30dc1ab24f6c01d01668b324f20584b98e6eb63ff98e321de"
"R/stagebridge.R",9824,"61df88ca22db7d89c7b2a4d8e05bd3c8693456ecc016b3408d84dd2def8866b7"
"R/utils.R",1607,"702671579db16e1c5d5126609f13959a4809a65d1f409861156b0fa78d3f63b1"
"scripts/19_msv000101183_v1_1_common.R",11111,"f0f2016e8e2f762275206db05ad01fddb7a688faf3c06b3d64442bc73f20a29b"
"scripts/20_freeze_msv000101183_v1_1_protocol.R",14685,"948a232204adc297daf61f4afef839b207819bd7ea465bf34cd76e3267689089"
"scripts/21_run_msv000101183_v1_1_validation.R",22344,"807483161755a2bdc19b5082fd8eea794601fd2f876c74b285967c131b1590c0"
"scripts/22_download_msv000101183_v1_1_blinded.py",10164,"0cd0902309bd2686611e62bdfa93249534f349c858c841fdd71b2e00ccdcccc0"
"scripts/23_extract_msv000101183_v1_1_abundance.R",13548,"a2e24cbdaa6904a4856137e73ac21a7c74d4342e634019cd5f6b89be0d29996e"
"scripts/24_freeze_msv000101183_v1_1_prelabel.R",11394,"47a5e89d3bd514435059f9f4af44b2730fbe289dd17cffe7576587ad3c5862d9"
"scripts/25_open_msv000101183_v1_1_once.py",16350,"e47a38abb862bac438efeb239f934986458a66fe038e32f4fe1c6537bafdaf6c"
"scripts/26_test_msv000101183_v1_1_lock.py",8607,"e02862fd75954df7674c5d42ba79eace5acc78b9c462b6055af51bf80134f1a9"
"scripts/common.R",850,"9501bf58558e120044e2cd08effe4b36f83b350c1cbddcce2c51189a90d73c5f"
