"method","requested_panel_size","panel_order","feature","frozen_tissue_direction","effective_blood_direction","rank_weight","discovery_score","target_relation"
"mean_abs_z",5,1,"S100A2",1,1,1,3.25764561346519,"concordant"
"mean_abs_z",5,2,"PSCA",1,1,0.630929753571458,3.24936558960771,"concordant"
"mean_abs_z",5,3,"FABP1",-1,-1,0.5,3.13907501025755,"concordant"
"mean_abs_z",5,4,"KRT6A",1,1,0.430676558073393,2.98420709509202,"concordant"
"mean_abs_z",5,5,"CLPS",-1,-1,0.386852807234542,2.59735550460193,"concordant"
"mean_abs_z",10,1,"S100A2",1,1,1,3.25764561346519,"concordant"
"mean_abs_z",10,2,"PSCA",1,1,0.630929753571458,3.24936558960771,"concordant"
"mean_abs_z",10,3,"FABP1",-1,-1,0.5,3.13907501025755,"concordant"
"mean_abs_z",10,4,"KRT6A",1,1,0.430676558073393,2.98420709509202,"concordant"
"mean_abs_z",10,5,"CLPS",-1,-1,0.386852807234542,2.59735550460193,"concordant"
"mean_abs_z",10,6,"A2ML1",1,1,0.356207187108022,2.57313001652853,"concordant"
"mean_abs_z",10,7,"SPRR3",1,1,0.333333333333333,2.57060110030579,"concordant"
"mean_abs_z",10,8,"CELA3A",-1,-1,0.315464876785729,2.48280686868463,"concordant"
"mean_abs_z",10,9,"CST6",1,1,0.301029995663981,2.4765662490819,"concordant"
"mean_abs_z",10,10,"PCBP2",1,1,0.289064826317888,2.4531744820996,"concordant"
"mean_abs_z",20,1,"S100A2",1,1,1,3.25764561346519,"concordant"
"mean_abs_z",20,2,"PSCA",1,1,0.630929753571458,3.24936558960771,"concordant"
"mean_abs_z",20,3,"FABP1",-1,-1,0.5,3.13907501025755,"concordant"
"mean_abs_z",20,4,"KRT6A",1,1,0.430676558073393,2.98420709509202,"concordant"
"mean_abs_z",20,5,"CLPS",-1,-1,0.386852807234542,2.59735550460193,"concordant"
"mean_abs_z",20,6,"A2ML1",1,1,0.356207187108022,2.57313001652853,"concordant"
"mean_abs_z",20,7,"SPRR3",1,1,0.333333333333333,2.57060110030579,"concordant"
"mean_abs_z",20,8,"CELA3A",-1,-1,0.315464876785729,2.48280686868463,"concordant"
"mean_abs_z",20,9,"CST6",1,1,0.301029995663981,2.4765662490819,"concordant"
"mean_abs_z",20,10,"PCBP2",1,1,0.289064826317888,2.4531744820996,"concordant"
"mean_abs_z",20,11,"CEL",-1,-1,0.27894294565113,2.42533840573883,"concordant"
"mean_abs_z",20,12,"GPRC5A",1,1,0.27023815442732,2.42025765092789,"concordant"
"mean_abs_z",20,13,"LY6D",1,1,0.262649535037194,2.41792888456405,"concordant"
"mean_abs_z",20,14,"S100A4",1,1,0.255958024809815,2.38145202681963,"concordant"
"mean_abs_z",20,15,"KRT14",1,1,0.25,2.36078743200511,"concordant"
"mean_abs_z",20,16,"PCCB",-1,-1,0.244650542118226,2.36060525405147,"concordant"
"mean_abs_z",20,17,"KLK6",1,1,0.239812466568131,2.35941063159385,"concordant"
"mean_abs_z",20,18,"CEACAM5",1,1,0.235408913366638,2.35521328712856,"concordant"
"mean_abs_z",20,19,"SPRR1A",1,1,0.231378213159759,2.34392639245692,"concordant"
"mean_abs_z",20,20,"PLBD1",1,1,0.227670248696953,2.34132706958708,"concordant"
"vote_count",5,1,"A2ML1",1,1,1,0.642857142857143,"concordant"
"vote_count",5,2,"ALDH3B1",1,1,0.630929753571458,0.642857142857143,"concordant"
"vote_count",5,3,"FABP1",-1,-1,0.5,0.642857142857143,"concordant"
"vote_count",5,4,"FGL1",-1,-1,0.430676558073393,0.642857142857143,"concordant"
"vote_count",5,5,"LAMA3",1,1,0.386852807234542,0.642857142857143,"concordant"
"vote_count",10,1,"A2ML1",1,1,1,0.642857142857143,"concordant"
"vote_count",10,2,"ALDH3B1",1,1,0.630929753571458,0.642857142857143,"concordant"
"vote_count",10,3,"FABP1",-1,-1,0.5,0.642857142857143,"concordant"
"vote_count",10,4,"FGL1",-1,-1,0.430676558073393,0.642857142857143,"concordant"
"vote_count",10,5,"LAMA3",1,1,0.386852807234542,0.642857142857143,"concordant"
"vote_count",10,6,"S100A2",1,1,0.356207187108022,0.642857142857143,"concordant"
"vote_count",10,7,"HBB",-1,-1,0.333333333333333,0.571428571428571,"concordant"
"vote_count",10,8,"KRT6A",1,1,0.315464876785729,0.571428571428571,"concordant"
"vote_count",10,9,"PLBD1",1,1,0.301029995663981,0.571428571428571,"concordant"
"vote_count",10,10,"CELA2B",-1,-1,0.289064826317888,0.5,"concordant"
"vote_count",20,1,"A2ML1",1,1,1,0.642857142857143,"concordant"
"vote_count",20,2,"ALDH3B1",1,1,0.630929753571458,0.642857142857143,"concordant"
"vote_count",20,3,"FABP1",-1,-1,0.5,0.642857142857143,"concordant"
"vote_count",20,4,"FGL1",-1,-1,0.430676558073393,0.642857142857143,"concordant"
"vote_count",20,5,"LAMA3",1,1,0.386852807234542,0.642857142857143,"concordant"
"vote_count",20,6,"S100A2",1,1,0.356207187108022,0.642857142857143,"concordant"
"vote_count",20,7,"HBB",-1,-1,0.333333333333333,0.571428571428571,"concordant"
"vote_count",20,8,"KRT6A",1,1,0.315464876785729,0.571428571428571,"concordant"
"vote_count",20,9,"PLBD1",1,1,0.301029995663981,0.571428571428571,"concordant"
"vote_count",20,10,"CELA2B",-1,-1,0.289064826317888,0.5,"concordant"
"vote_count",20,11,"CELA3A",-1,-1,0.27894294565113,0.5,"concordant"
"vote_count",20,12,"CLPS",-1,-1,0.27023815442732,0.5,"concordant"
"vote_count",20,13,"CPA1",-1,-1,0.262649535037194,0.5,"concordant"
"vote_count",20,14,"CPB1",-1,-1,0.255958024809815,0.5,"concordant"
"vote_count",20,15,"CST6",1,1,0.25,0.5,"concordant"
"vote_count",20,16,"CTRB2",-1,-1,0.244650542118226,0.5,"concordant"
"vote_count",20,17,"DES",-1,-1,0.239812466568131,0.5,"concordant"
"vote_count",20,18,"GPRC5A",1,1,0.235408913366638,0.5,"concordant"
"vote_count",20,19,"HMGCS2",1,1,0.231378213159759,0.5,"concordant"
"vote_count",20,20,"IGF2BP3",1,1,0.227670248696953,0.5,"concordant"
"signed_stouffer",5,1,"PSCA",1,1,1,12.1580127606848,"concordant"
"signed_stouffer",5,2,"GPRC5A",1,1,0.630929753571458,9.05577491749048,"concordant"
"signed_stouffer",5,3,"PLBD1",1,1,0.5,7.81562433357216,"concordant"
"signed_stouffer",5,4,"CST6",1,1,0.430676558073393,7.57989752871111,"concordant"
"signed_stouffer",5,5,"KLK6",1,1,0.386852807234542,7.54164388533894,"concordant"
"signed_stouffer",10,1,"PSCA",1,1,1,12.1580127606848,"concordant"
"signed_stouffer",10,2,"GPRC5A",1,1,0.630929753571458,9.05577491749048,"concordant"
"signed_stouffer",10,3,"PLBD1",1,1,0.5,7.81562433357216,"concordant"
"signed_stouffer",10,4,"CST6",1,1,0.430676558073393,7.57989752871111,"concordant"
"signed_stouffer",10,5,"KLK6",1,1,0.386852807234542,7.54164388533894,"concordant"
"signed_stouffer",10,6,"ERO1A",1,1,0.356207187108022,7.40238489998457,"concordant"
"signed_stouffer",10,7,"KRT19",1,1,0.333333333333333,7.0734514717694,"concordant"
"signed_stouffer",10,8,"LGALS7B",1,1,0.315464876785729,6.82972846196509,"concordant"
"signed_stouffer",10,9,"PDK3",-1,-1,0.301029995663981,6.50182119230469,"concordant"
"signed_stouffer",10,10,"JPT1",1,1,0.289064826317888,6.22714676814095,"concordant"
"signed_stouffer",20,1,"PSCA",1,1,1,12.1580127606848,"concordant"
"signed_stouffer",20,2,"GPRC5A",1,1,0.630929753571458,9.05577491749048,"concordant"
"signed_stouffer",20,3,"PLBD1",1,1,0.5,7.81562433357216,"concordant"
"signed_stouffer",20,4,"CST6",1,1,0.430676558073393,7.57989752871111,"concordant"
"signed_stouffer",20,5,"KLK6",1,1,0.386852807234542,7.54164388533894,"concordant"
"signed_stouffer",20,6,"ERO1A",1,1,0.356207187108022,7.40238489998457,"concordant"
"signed_stouffer",20,7,"KRT19",1,1,0.333333333333333,7.0734514717694,"concordant"
"signed_stouffer",20,8,"LGALS7B",1,1,0.315464876785729,6.82972846196509,"concordant"
"signed_stouffer",20,9,"PDK3",-1,-1,0.301029995663981,6.50182119230469,"concordant"
"signed_stouffer",20,10,"JPT1",1,1,0.289064826317888,6.22714676814095,"concordant"
"signed_stouffer",20,11,"MSLN",1,1,0.27894294565113,6.21055209987209,"concordant"
"signed_stouffer",20,12,"KRT7",1,1,0.27023815442732,6.1969653327129,"concordant"
"signed_stouffer",20,13,"IGF2BP3",1,1,0.262649535037194,6.18372279465905,"concordant"
"signed_stouffer",20,14,"LAMA3",1,1,0.255958024809815,5.9802047203641,"concordant"
"signed_stouffer",20,15,"MUC16",1,1,0.25,5.97585683394026,"concordant"
"signed_stouffer",20,16,"GHRL",-1,-1,0.244650542118226,5.88882673789903,"concordant"
"signed_stouffer",20,17,"LAMC2",1,1,0.239812466568131,5.82846202594912,"concordant"
"signed_stouffer",20,18,"RFLNA",1,1,0.235408913366638,5.82464604462096,"concordant"
"signed_stouffer",20,19,"SLC44A4",1,1,0.231378213159759,5.76416984097763,"concordant"
"signed_stouffer",20,20,"MAL2",1,1,0.227670248696953,5.73322122732913,"concordant"
"intersection",5,1,"FABP1",-1,-1,1,1.8986318294094,"concordant"
"intersection",5,2,"A2ML1",1,1,0.630929753571458,1.65181159149206,"concordant"
"intersection",5,3,"HBB",-1,-1,0.5,1.47655105836197,"concordant"
"intersection",5,4,"KRT6A",1,1,0.430676558073393,1.45557726630313,"concordant"
"intersection",5,5,"FGL1",-1,-1,0.386852807234542,1.44762549533237,"concordant"
"intersection",10,1,"FABP1",-1,-1,1,1.8986318294094,"concordant"
"intersection",10,2,"A2ML1",1,1,0.630929753571458,1.65181159149206,"concordant"
"intersection",10,3,"HBB",-1,-1,0.5,1.47655105836197,"concordant"
"intersection",10,4,"KRT6A",1,1,0.430676558073393,1.45557726630313,"concordant"
"intersection",10,5,"FGL1",-1,-1,0.386852807234542,1.44762549533237,"concordant"
"intersection",10,6,"LAMA3",1,1,0.356207187108022,1.3867690775491,"concordant"
"intersection",10,7,"S100A2",1,1,0.333333333333333,1.38511805606992,"concordant"
"intersection",10,8,"ALDH3B1",1,1,0.315464876785729,1.37763625307721,"concordant"
"intersection",10,9,"PLBD1",1,1,0.301029995663981,1.33745071718386,"concordant"
"intersection",10,10,"CELA2B",-1,-1,0.289064826317888,1.07953725204113,"concordant"
"intersection",20,1,"FABP1",-1,-1,1,1.8986318294094,"concordant"
"intersection",20,2,"A2ML1",1,1,0.630929753571458,1.65181159149206,"concordant"
"intersection",20,3,"HBB",-1,-1,0.5,1.47655105836197,"concordant"
"intersection",20,4,"KRT6A",1,1,0.430676558073393,1.45557726630313,"concordant"
"intersection",20,5,"FGL1",-1,-1,0.386852807234542,1.44762549533237,"concordant"
"intersection",20,6,"LAMA3",1,1,0.356207187108022,1.3867690775491,"concordant"
"intersection",20,7,"S100A2",1,1,0.333333333333333,1.38511805606992,"concordant"
"intersection",20,8,"ALDH3B1",1,1,0.315464876785729,1.37763625307721,"concordant"
"intersection",20,9,"PLBD1",1,1,0.301029995663981,1.33745071718386,"concordant"
"intersection",20,10,"CELA2B",-1,-1,0.289064826317888,1.07953725204113,"concordant"
"intersection",20,11,"PSCA",1,1,0.27894294565113,1.06137291586397,"concordant"
"intersection",20,12,"CLPS",-1,-1,0.27023815442732,1.03815741278858,"concordant"
"intersection",20,13,"SPRR3",1,1,0.262649535037194,1.00272008725748,"concordant"
"intersection",20,14,"SPRR1A",1,1,0.255958024809815,0.987011212665651,"concordant"
"intersection",20,15,"S100P",1,1,0.25,0.974724524834678,"concordant"
"intersection",20,16,"CELA3A",-1,-1,0.244650542118226,0.954443948512207,"concordant"
"intersection",20,17,"LPCAT4",1,1,0.239812466568131,0.954425872972802,"concordant"
"intersection",20,18,"GPRC5A",1,1,0.235408913366638,0.953191645532189,"concordant"
"intersection",20,19,"CST6",1,1,0.231378213159759,0.950524948576485,"concordant"
"intersection",20,20,"KRT14",1,1,0.227670248696953,0.949466809739106,"concordant"
"rank_product",5,1,"FABP1",-1,-1,1,0.96709780340903,"concordant"
"rank_product",5,2,"S100A2",1,1,0.630929753571458,0.952093744142114,"concordant"
"rank_product",5,3,"PSCA",1,1,0.5,0.941985938212591,"concordant"
"rank_product",5,4,"CST6",1,1,0.430676558073393,0.931773455505472,"concordant"
"rank_product",5,5,"KRT6A",1,1,0.386852807234542,0.925700618138923,"concordant"
"rank_product",10,1,"FABP1",-1,-1,1,0.96709780340903,"concordant"
"rank_product",10,2,"S100A2",1,1,0.630929753571458,0.952093744142114,"concordant"
"rank_product",10,3,"PSCA",1,1,0.5,0.941985938212591,"concordant"
"rank_product",10,4,"CST6",1,1,0.430676558073393,0.931773455505472,"concordant"
"rank_product",10,5,"KRT6A",1,1,0.386852807234542,0.925700618138923,"concordant"
"rank_product",10,6,"DES",-1,-1,0.356207187108022,0.92112881656011,"concordant"
"rank_product",10,7,"CLPS",-1,-1,0.333333333333333,0.91637977383171,"concordant"
"rank_product",10,8,"KRT14",1,1,0.315464876785729,0.913187599408542,"concordant"
"rank_product",10,9,"SPRR1A",1,1,0.301029995663981,0.911768521158094,"concordant"
"rank_product",10,10,"SPRR3",1,1,0.289064826317888,0.911635011439098,"concordant"
"rank_product",20,1,"FABP1",-1,-1,1,0.96709780340903,"concordant"
"rank_product",20,2,"S100A2",1,1,0.630929753571458,0.952093744142114,"concordant"
"rank_product",20,3,"PSCA",1,1,0.5,0.941985938212591,"concordant"
"rank_product",20,4,"CST6",1,1,0.430676558073393,0.931773455505472,"concordant"
"rank_product",20,5,"KRT6A",1,1,0.386852807234542,0.925700618138923,"concordant"
"rank_product",20,6,"DES",-1,-1,0.356207187108022,0.92112881656011,"concordant"
"rank_product",20,7,"CLPS",-1,-1,0.333333333333333,0.91637977383171,"concordant"
"rank_product",20,8,"KRT14",1,1,0.315464876785729,0.913187599408542,"concordant"
"rank_product",20,9,"SPRR1A",1,1,0.301029995663981,0.911768521158094,"concordant"
"rank_product",20,10,"SPRR3",1,1,0.289064826317888,0.911635011439098,"concordant"
"rank_product",20,11,"S100A4",1,1,0.27894294565113,0.90197190273424,"concordant"
"rank_product",20,12,"CELA3A",-1,-1,0.27023815442732,0.889522113513105,"concordant"
"rank_product",20,13,"A2ML1",1,1,0.262649535037194,0.88818380494888,"concordant"
"rank_product",20,14,"HBB",-1,-1,0.255958024809815,0.886140669532373,"concordant"
"rank_product",20,15,"CXCL5",1,1,0.25,0.886028867332213,"concordant"
"rank_product",20,16,"CBS",-1,-1,0.244650542118226,0.883208210408844,"concordant"
"rank_product",20,17,"CEACAM5",1,1,0.239812466568131,0.882378375074521,"concordant"
"rank_product",20,18,"ALDH3B1",1,1,0.235408913366638,0.881873139614,"concordant"
"rank_product",20,19,"PADI1",1,1,0.231378213159759,0.880404130296015,"concordant"
"rank_product",20,20,"NUDT9",-1,-1,0.227670248696953,0.880364638536438,"concordant"
"svd_loading",5,1,"S100A2",1,1,1,11.1168294220137,"concordant"
"svd_loading",5,2,"IGF2BP3",1,1,0.630929753571458,10.2488736032346,"concordant"
"svd_loading",5,3,"PEBP1",-1,-1,0.5,10.0442153910462,"concordant"
"svd_loading",5,4,"KRT6A",1,1,0.430676558073393,10.0324210196013,"concordant"
"svd_loading",5,5,"NUDT9",-1,-1,0.386852807234542,9.93456255858786,"concordant"
"svd_loading",10,1,"S100A2",1,1,1,11.1168294220137,"concordant"
"svd_loading",10,2,"IGF2BP3",1,1,0.630929753571458,10.2488736032346,"concordant"
"svd_loading",10,3,"PEBP1",-1,-1,0.5,10.0442153910462,"concordant"
"svd_loading",10,4,"KRT6A",1,1,0.430676558073393,10.0324210196013,"concordant"
"svd_loading",10,5,"NUDT9",-1,-1,0.386852807234542,9.93456255858786,"concordant"
"svd_loading",10,6,"TSPAN1",1,1,0.356207187108022,9.83217116877651,"concordant"
"svd_loading",10,7,"S100P",1,1,0.333333333333333,9.79282955779596,"concordant"
"svd_loading",10,8,"CEACAM6",1,1,0.315464876785729,9.77394625817485,"concordant"
"svd_loading",10,9,"PADI1",1,1,0.301029995663981,9.61671864386891,"concordant"
"svd_loading",10,10,"ALDH6A1",-1,-1,0.289064826317888,9.46973372066857,"concordant"
"svd_loading",20,1,"S100A2",1,1,1,11.1168294220137,"concordant"
"svd_loading",20,2,"IGF2BP3",1,1,0.630929753571458,10.2488736032346,"concordant"
"svd_loading",20,3,"PEBP1",-1,-1,0.5,10.0442153910462,"concordant"
"svd_loading",20,4,"KRT6A",1,1,0.430676558073393,10.0324210196013,"concordant"
"svd_loading",20,5,"NUDT9",-1,-1,0.386852807234542,9.93456255858786,"concordant"
"svd_loading",20,6,"TSPAN1",1,1,0.356207187108022,9.83217116877651,"concordant"
"svd_loading",20,7,"S100P",1,1,0.333333333333333,9.79282955779596,"concordant"
"svd_loading",20,8,"CEACAM6",1,1,0.315464876785729,9.77394625817485,"concordant"
"svd_loading",20,9,"PADI1",1,1,0.301029995663981,9.61671864386891,"concordant"
"svd_loading",20,10,"ALDH6A1",-1,-1,0.289064826317888,9.46973372066857,"concordant"
"svd_loading",20,11,"ETFDH",-1,-1,0.27894294565113,9.38308728511129,"concordant"
"svd_loading",20,12,"LAMC2",1,1,0.27023815442732,9.37858832621959,"concordant"
"svd_loading",20,13,"ACADSB",-1,-1,0.262649535037194,9.341300888787,"concordant"
"svd_loading",20,14,"OSBPL3",1,1,0.255958024809815,9.32689130273481,"concordant"
"svd_loading",20,15,"GALNT5",1,1,0.25,9.2961928811696,"concordant"
"svd_loading",20,16,"ACAT1",-1,-1,0.244650542118226,9.2778893510111,"concordant"
"svd_loading",20,17,"LAMB3",1,1,0.239812466568131,9.20348352670286,"concordant"
"svd_loading",20,18,"MSLN",1,1,0.235408913366638,9.18069512797315,"concordant"
"svd_loading",20,19,"EPS8L1",1,1,0.231378213159759,9.17540539228284,"concordant"
"svd_loading",20,20,"EPHA2",1,1,0.227670248696953,9.1569408274051,"concordant"
"observed_rank_product",5,1,"HBB",-1,-1,1,0.886140669532373,"concordant"
"observed_rank_product",5,2,"SERPINA1",1,1,0.630929753571458,0.807492827225249,"concordant"
"observed_rank_product",5,3,"C4BPB",1,1,0.5,0.785964500132378,"concordant"
"observed_rank_product",5,4,"ECM1",1,1,0.430676558073393,0.780319807783916,"concordant"
"observed_rank_product",5,5,"C8B",1,1,0.386852807234542,0.770873888602489,"concordant"
"observed_rank_product",10,1,"HBB",-1,-1,1,0.886140669532373,"concordant"
"observed_rank_product",10,2,"SERPINA1",1,1,0.630929753571458,0.807492827225249,"concordant"
"observed_rank_product",10,3,"C4BPB",1,1,0.5,0.785964500132378,"concordant"
"observed_rank_product",10,4,"ECM1",1,1,0.430676558073393,0.780319807783916,"concordant"
"observed_rank_product",10,5,"C8B",1,1,0.386852807234542,0.770873888602489,"concordant"
"observed_rank_product",10,6,"FN1",1,1,0.356207187108022,0.768460644921601,"concordant"
"observed_rank_product",10,7,"CP",1,1,0.333333333333333,0.727680222614383,"concordant"
"observed_rank_product",10,8,"APOL1",1,1,0.315464876785729,0.672171800183333,"concordant"
"observed_rank_product",10,9,"LGALS3BP",1,1,0.301029995663981,0.655616090702638,"concordant"
"observed_rank_product",10,10,"TGFBI",1,1,0.289064826317888,0.639466306212715,"concordant"
"observed_rank_product",20,1,"HBB",-1,-1,1,0.886140669532373,"concordant"
"observed_rank_product",20,2,"SERPINA1",1,1,0.630929753571458,0.807492827225249,"concordant"
"observed_rank_product",20,3,"C4BPB",1,1,0.5,0.785964500132378,"concordant"
"observed_rank_product",20,4,"ECM1",1,1,0.430676558073393,0.780319807783916,"concordant"
"observed_rank_product",20,5,"C8B",1,1,0.386852807234542,0.770873888602489,"concordant"
"observed_rank_product",20,6,"FN1",1,1,0.356207187108022,0.768460644921601,"concordant"
"observed_rank_product",20,7,"CP",1,1,0.333333333333333,0.727680222614383,"concordant"
"observed_rank_product",20,8,"APOL1",1,1,0.315464876785729,0.672171800183333,"concordant"
"observed_rank_product",20,9,"LGALS3BP",1,1,0.301029995663981,0.655616090702638,"concordant"
"observed_rank_product",20,10,"TGFBI",1,1,0.289064826317888,0.639466306212715,"concordant"
"observed_rank_product",20,11,"FGB",1,1,0.27894294565113,0.581694137365133,"concordant"
"observed_rank_product",20,12,"IGFBP3",1,1,0.27023815442732,0.564673854585029,"concordant"
"observed_rank_product",20,13,"PRSS3",-1,-1,0.262649535037194,0.524563669481243,"concordant"
"observed_rank_product",20,14,"PRSS1",-1,-1,0.255958024809815,0.460126673370674,"concordant"
"observed_rank_product",20,15,"ALDOB",-1,-1,0.25,0.444478080170416,"concordant"
"observed_rank_product",20,16,"GGH",1,1,0.244650542118226,0.442883971236498,"concordant"
"observed_rank_product",20,17,"CST6",1,1,0.239812466568131,0.37933525130047,"concordant"
"observed_rank_product",20,18,"KRT6A",1,1,0.235408913366638,0.376862932224481,"concordant"
"observed_rank_product",20,19,"KRT14",1,1,0.231378213159759,0.371768744279363,"concordant"
"observed_rank_product",20,20,"S100A4",1,1,0.227670248696953,0.367202710452881,"concordant"
"StageBridge",5,1,"APOL1",1,1,1,0.78962883056322,"concordant"
"StageBridge",5,2,"LGALS3BP",1,1,0.630929753571458,0.789110045165357,"concordant"
"StageBridge",5,3,"IGFBP3",1,1,0.5,0.775418971808688,"concordant"
"StageBridge",5,4,"LY6D",1,1,0.430676558073393,0.747812153884299,"concordant"
"StageBridge",5,5,"KRT19",1,1,0.386852807234542,0.743538258230967,"concordant"
"StageBridge",10,1,"APOL1",1,1,1,0.78962883056322,"concordant"
"StageBridge",10,2,"LGALS3BP",1,1,0.630929753571458,0.789110045165357,"concordant"
"StageBridge",10,3,"IGFBP3",1,1,0.5,0.775418971808688,"concordant"
"StageBridge",10,4,"LY6D",1,1,0.430676558073393,0.747812153884299,"concordant"
"StageBridge",10,5,"KRT19",1,1,0.386852807234542,0.743538258230967,"concordant"
"StageBridge",10,6,"ECM1",1,1,0.356207187108022,0.742853834337802,"concordant"
"StageBridge",10,7,"KRT13",1,1,0.333333333333333,0.716911757963723,"concordant"
"StageBridge",10,8,"ALDOB",-1,-1,0.315464876785729,0.716009522686375,"concordant"
"StageBridge",10,9,"CST6",1,1,0.301029995663981,0.706671483030249,"concordant"
"StageBridge",10,10,"KRT17",1,1,0.289064826317888,0.702100608235088,"concordant"
"StageBridge",20,1,"APOL1",1,1,1,0.78962883056322,"concordant"
"StageBridge",20,2,"LGALS3BP",1,1,0.630929753571458,0.789110045165357,"concordant"
"StageBridge",20,3,"IGFBP3",1,1,0.5,0.775418971808688,"concordant"
"StageBridge",20,4,"LY6D",1,1,0.430676558073393,0.747812153884299,"concordant"
"StageBridge",20,5,"KRT19",1,1,0.386852807234542,0.743538258230967,"concordant"
"StageBridge",20,6,"ECM1",1,1,0.356207187108022,0.742853834337802,"concordant"
"StageBridge",20,7,"KRT13",1,1,0.333333333333333,0.716911757963723,"concordant"
"StageBridge",20,8,"ALDOB",-1,-1,0.315464876785729,0.716009522686375,"concordant"
"StageBridge",20,9,"CST6",1,1,0.301029995663981,0.706671483030249,"concordant"
"StageBridge",20,10,"KRT17",1,1,0.289064826317888,0.702100608235088,"concordant"
"StageBridge",20,11,"C8B",1,1,0.27894294565113,0.699254813490601,"concordant"
"StageBridge",20,12,"KRT6A",1,1,0.27023815442732,0.689242967129144,"concordant"
"StageBridge",20,13,"KRT23",1,1,0.262649535037194,0.68881930112838,"concordant"
"StageBridge",20,14,"ITGA2",1,1,0.255958024809815,0.688757714907741,"concordant"
"StageBridge",20,15,"S100P",1,1,0.25,0.686787967295016,"concordant"
"StageBridge",20,16,"NAPG",1,1,0.244650542118226,0.671413765471458,"concordant"
"StageBridge",20,17,"SPRR1B",1,1,0.239812466568131,0.669330356600381,"concordant"
"StageBridge",20,18,"ANXA3",1,1,0.235408913366638,0.669275718978161,"concordant"
"StageBridge",20,19,"ALDOA",1,1,0.231378213159759,0.668486229644272,"concordant"
"StageBridge",20,20,"AHNAK2",1,1,0.227670248696953,0.668292885436335,"concordant"
