"file_name","run_type","scans","precursor_schedules","all_itms","all_cid35","minimum_start_time","maximum_start_time"
"1.raw","biological",1784,20,TRUE,TRUE,9.30091166666667,33.8893533333333
"10.raw","biological",1791,20,TRUE,TRUE,9.30091833333333,33.89381
"11.raw","biological",1789,20,TRUE,TRUE,9.30092,33.8944516666667
"12.raw","biological",1780,20,TRUE,TRUE,9.30090166666667,33.8897983333333
"13.raw","biological",1789,20,TRUE,TRUE,9.30090333333333,33.89672
"14.raw","biological",1782,20,TRUE,TRUE,9.30090333333333,33.8980566666667
"15.raw","biological",1789,20,TRUE,TRUE,9.30091666666667,33.8917366666667
"16.raw","biological",1793,20,TRUE,TRUE,9.30091833333333,33.898365
"17.raw","biological",1792,20,TRUE,TRUE,9.30091833333333,33.9007
"18.raw","biological",1789,20,TRUE,TRUE,9.300905,33.8957416666667
"19.raw","biological",1795,20,TRUE,TRUE,9.30091666666667,33.89166
"2.raw","biological",1782,20,TRUE,TRUE,9.300905,33.898135
"20.raw","biological",1788,20,TRUE,TRUE,9.30092166666667,33.8904816666667
"21.raw","biological",1783,20,TRUE,TRUE,9.30090666666667,33.893965
"22.raw","biological",1782,20,TRUE,TRUE,9.30090333333333,33.8898183333333
"23.raw","biological",1782,20,TRUE,TRUE,9.30093166666667,33.8932716666667
"24.raw","biological",1781,20,TRUE,TRUE,9.30091833333333,33.8940083333333
"25.raw","biological",1784,20,TRUE,TRUE,9.30091666666667,33.8938566666667
"26.raw","biological",1790,20,TRUE,TRUE,9.30092,33.8972533333333
"27.raw","biological",1784,20,TRUE,TRUE,9.30093166666667,33.9006166666667
"28.raw","biological",1781,20,TRUE,TRUE,9.30093,33.8964466666667
"29.raw","biological",1786,20,TRUE,TRUE,9.3009,33.8883316666667
"3.raw","biological",1790,20,TRUE,TRUE,9.30091833333333,33.8883316666667
"30.raw","biological",1783,20,TRUE,TRUE,9.30092,33.892455
"31.raw","biological",1781,20,TRUE,TRUE,9.300905,33.8873283333333
"32.raw","biological",1783,20,TRUE,TRUE,9.30091833333333,33.90014
"33.raw","biological",1782,20,TRUE,TRUE,9.30093833333333,33.89557
"34.raw","biological",1781,20,TRUE,TRUE,9.30117833333333,33.8984016666667
"35.raw","biological",1781,20,TRUE,TRUE,9.30091833333333,33.8909416666667
"36.raw","biological",1782,20,TRUE,TRUE,9.30091666666667,33.8997666666667
"37.raw","biological",1781,20,TRUE,TRUE,9.30091833333333,33.8984733333333
"38.raw","biological",1783,20,TRUE,TRUE,9.300925,33.8970583333333
"39.raw","biological",1784,20,TRUE,TRUE,9.300915,33.897375
"4.raw","biological",1786,20,TRUE,TRUE,9.30091333333333,33.8977416666667
"40.raw","biological",1781,20,TRUE,TRUE,9.30092166666667,33.8981383333333
"5.raw","biological",1788,20,TRUE,TRUE,9.30092666666666,33.8962583333333
"6.raw","biological",1785,20,TRUE,TRUE,9.300915,33.8995166666667
"7.raw","biological",1784,20,TRUE,TRUE,9.30090833333333,33.8932183333333
"8.raw","biological",1779,20,TRUE,TRUE,9.30092333333333,33.8878483333333
"9.raw","biological",1791,20,TRUE,TRUE,9.30093,33.8968166666667
"acc_pooled1.raw","pooled_qc",1781,20,TRUE,TRUE,9.300915,33.889085
"acc_pooled2.raw","pooled_qc",1780,20,TRUE,TRUE,9.30091,33.8915016666667
"acc_pooled3.raw","pooled_qc",1780,20,TRUE,TRUE,9.300905,33.8900233333333
"acc_pooled4.raw","pooled_qc",1779,20,TRUE,TRUE,9.30118666666667,33.8886216666667
"acc_pooled5.raw","pooled_qc",1780,20,TRUE,TRUE,9.30093,33.8951466666667
